Property,Abriv.,Unit,H,He,Li,Be,B,C,N,O,F,Ne,Na,Mg,Al,Si,P,S,Cl,Ar,K,Ca,Sc,Ti,V,Cr,Mn,Fe,Co,Ni,Cu,Zn,Ga,Ge,As,Se,Br,Kr,Rb,Sr,Y,Zr,Nb,Mo,Tc,Ru,Rh,Pd,Ag,Cd,In,Sn,Sb,Te,I,Xe,Cs,Ba,La,Ce,Pr,Nd,Pm,Sm,Eu,Gd,Tb,Dy,Ho,Er,Tm,Yb,Lu,Hf,Ta,W,Re,Os,Ir,Pt,Au,Hg,Tl,Pb,Bi,Po,At,Rn,Fr,Ra,Ac,Th,Pa,U,Np,Pu,Am,Cm,Bk,Cf,Es,Fm,Md,No,Lr,Rf,Db,Sg,Bh,Hs,Mt,Ds,Rg,Cn,Nh,Fl,Mc,Lv,Ts,Og
Symbol,Sy,None,H,He,Li,Be,B,C,N,O,F,Ne,Na,Mg,Al,Si,P,S,Cl,Ar,K,Ca,Sc,Ti,V,Cr,Mn,Fe,Co,Ni,Cu,Zn,Ga,Ge,As,Se,Br,Kr,Rb,Sr,Y,Zr,Nb,Mo,Tc,Ru,Rh,Pd,Ag,Cd,In,Sn,Sb,Te,I,Xe,Cs,Ba,La,Ce,Pr,Nd,Pm,Sm,Eu,Gd,Tb,Dy,Ho,Er,Tm,Yb,Lu,Hf,Ta,W,Re,Os,Ir,Pt,Au,Hg,Tl,Pb,Bi,Po,At,Rn,Fr,Ra,Ac,Th,Pa,U,Np,Pu,Am,Cm,Bk,Cf,Es,Fm,Md,No,Lr,Rf,Db,Sg,Bh,Hs,Mt,Ds,Rg,Cn,Nh,Fl,Mc,Lv,Ts,Og
Atomic number,Z,None,1,2,3,4,5,6,7,8,9,10,11,12,13,14,15,16,17,18,19,20,21,22,23,24,25,26,27,28,29,30,31,32,33,34,35,36,37,38,39,40,41,42,43,44,45,46,47,48,49,50,51,52,53,54,55,56,57,58,59,60,61,62,63,64,65,66,67,68,69,70,71,72,73,74,75,76,77,78,79,80,81,82,83,84,85,86,87,88,89,90,91,92,93,94,95,96,97,98,99,100,101,102,103,104,105,106,107,108,109,110,111,112,113,114,115,116,117,118
Relative atomic mass,Ar,g,1.008,4.002602,6.94,9.0121831,10.81,12.011,14.007,15.999,18.99840316,20.1797,22.98976928,24.305,26.9815385,28.085,30.973762,32.06,35.45,39.948,39.0983,40.078,44.955908,47.867,50.9415,51.9961,58.938044,55.845,58.933194,58.6934,63.546,65.38,69.723,72.63,74.921595,78.971,79.904,83.798,85.4678,87.62,88.90584,91.224,92.90637,95.95,98,101.07,102.9055,106.42,107.8682,112.414,114.818,118.71,121.76,127.6,126.90447,131.293,132.905452,137.327,138.90547,140.116,140.90766,144.242,145,150.36,151.964,157.25,158.92535,162.5,164.93033,167.259,168.93422,173.045,174.9688,178.49,180.94788,183.84,186.207,190.23,192.217,195.084,196.966569,200.592,204.38,207.2,208.9804,209,210,222,223,226,227,232.0377,231.03588,238.02891,237,244,243,247,247,251,252,257,258,259,262,267,270,269,270,269,278,281,281,285,286,289,289,293,293,294
Classification,C,,Non-metallic,Non-metallic,Metallic,Metallic,Semi-metallic,Non-metallic,Non-metallic,Non-metallic,Non-metallic,Non-metallic,Metaiilic,Metaiilic,Metaiilic,Semi-metallic,Non-metallic,Non-metallic,Non-metallic,Non-metallic,Metallic,Metallic,Metallic,Metallic,Metallic,Metallic,Metallic,Metallic,Metallic,Metallic,Metallic,Metallic,Metallic,Semi-metallic,Semi-metallic,Non-metallic,Non-metallic,Non-metallic,Metallic,Metallic,Metallic,Metallic,Metallic,Metallic,Metallic,Metallic,Metallic,Metallic,Metallic,Metallic,Metallic,Metallic,Semi-metallic,Semi-metallic,Non-metallic,Non-metallic,Metallic,Metallic,Metallic,Metallic,Metallic,Metallic,Metallic,Metallic,Metallic,Metallic,Metallic,Metallic,Metallic,Metallic,Metallic,Metallic,Metallic,Metallic,Metallic,Metallic,Metallic,Metallic,Metallic,Metallic,Metallic,Metallic,Metallic,Metallic,Metallic,Metallic,Semi-metallic,Non-metallic,Metallic,Metallic,Metallic,Metallic,Metallic,Metallic,Metallic,Metallic,Metallic,Metallic,Metallic,Metallic,Metallic,Metallic,Metallic,Metallic,Metallic,Metallic,Metallic,Metallic,Metallic,Metallic,Metallic,Metallic,Metallic,Metallic,Metallic,Metallic,Metallic,Metallic,Metallic,Non-metallic
Density of solid,Ds,kg m^(-3),88,214,535,1848,2460,2267,1026,1495,1700,1444,968,1738,2700,2330,1823,1960,2030,1616,856,1550,2985,4507,6110,7140,7470,7874,8900,8908,8920,7140,5904,5323,5727,4819,1050,2155,1532,2630,4472,6511,8570,10280,11500,12370,12450,12023,10490,8650,7310,7310,6697,6240,4940,3640,1879,3510,6146,6689,6640,6800,7246,7353,5244,7901,8291,8551,8795,9066,9321,6570,9841,13310,16650,19250,21020,22610,22650,21090,19300,14190,11850,11340,9780,9196,6400,4400,2900,5000,10070,11724,15370,19050,20450,19816,13780,13510,14780,15100,13500,-,-,-,-,17000,21600,23200,27200,28600,28200,27400,24400,16800,16000,14000,13000,11200,7200,5700
Molar volume,MV,cm^(3),11.42,21,13.02,4.85,4.39,5.29,13.54,17.36,11.2,13.23,23.78,14,10,12.06,17.02,15.53,17.39,22.56,45.94,26.2,15,10.64,8.32,7.23,7.35,7.09,6.67,6.59,7.11,9.16,11.8,13.63,12.95,16.42,19.78,27.99,55.76,33.94,19.88,14.02,10.83,9.38,8.63,8.17,8.28,8.56,10.27,13,15.76,16.29,18.19,20.46,25.72,35.92,70.94,38.16,22.39,20.69,20.8,20.58,20.23,19.98,28.97,19.9,19.3,19.01,18.74,18.46,19.13,24.84,17.18,13.44,10.85,9.47,8.86,8.42,8.52,9.09,10.21,14.09,17.22,18.26,21.31,22.97,33,50.5,77,41.09,22.55,19.8,15.18,12.49,11.59,12.29,17.63,18.05,16.84,16.5,28.52,-,-,-,-,16,12,12,10,10,10,10,12,17,18,21,22,26,41,52
Young's modulus,YM,GPa,-,-,4.9,287,-,-,-,-,-,-,10,45,70,47,-,-,-,-,-,20,74,116,128,279,198,211,209,200,130,108,-,-,8,10,-,-,2.4,-,64,68,105,329,-,447,275,121,83,50,11,50,55,43,-,-,1.7,13,97,34,37,41,46,50,18,55,56,61,65,70,74,24,69,78,186,411,463,-,528,168,78,-,8,16,32,-,-,-,-,-,-,79,-,208,-,96,-,-,-,-,-,-,-,-,-,-,-,-,-,-,-,-,-,-,-,-,-,-,-,-
Rigidty modulus,RM,GPa,-,-,4.2,132,-,-,-,-,-,-,3.3,17,26,-,-,-,-,-,1.3,7.4,29,44,47,115,-,82,75,76,48,43,-,-,-,3.7,-,-,-,6.1,26,33,38,20,-,173,4150,44,30,19,-,18,20,16,-,-,-,4.9,14,14,15,16,18,20,7.9,22,22,25,26,28,31,9.9,27,30,69,161,178,222,210,61,27,-,2.8,5.6,12,-,-,-,-,-,-,31,-,111,-,43,-,-,-,-,-,-,-,-,-,-,-,-,-,-,-,-,-,-,-,-,-,-,-,-
Bulk modulus,BM,GPa,-,-,11,130,320,33,-,-,-,-,6.3,45,76,100,11,7.7,1.1,-,3.1,17,57,110,160,160,120,170,180,180,140,70,-,-,22,8.3,1.9,-,2.5,-,41,-,170,230,-,220,380,180,100,42,-,58,42,65,7.7,-,1.6,9.6,28,22,29,32,33,38,8.3,38,38.7,41,40,44,45,31,48,110,200,310,370,-,320,230,220,25,43,46,31,-,-,-,-,-,-,54,-,100,-,-,-,-,-,-,-,-,-,-,-,-,-,-,-,-,-,-,-,-,-,-,-,-,-,-
Poisson ratio,P,-,-,-,-,0.032,-,-,-,-,-,-,-,0.29,0.35,-,-,-,-,-,-,0.31,0.28,0.32,0.37,0.21,-,0.29,0.31,0.31,0.34,0.25,-,-,-,0.33,-,-,-,0.28,0.24,0.34,0.4,0.31,-,0.3,0.26,0.39,0.37,0.3,-,0.36,-,-,-,-,-,-,0.28,0.24,0.28,0.28,0.28,0.27,0.15,0.26,0.26,0.25,0.23,0.24,0.21,0.21,0.26,0.37,0.34,0.28,0.3,0.25,0.26,0.38,0.44,-,0.45,0.44,0.33,-,-,-,-,-,-,0.27,-,0.23,-,0.21,-,-,-,-,-,-,-,-,-,-,-,-,-,-,-,-,-,-,-,-,-,-,-,-
Mineral hardness,MH,-,-,-,0.6,5.5,9.3,0.5,-,-,-,-,0.5,2.5,2.75,6.5,-,2,-,-,0.4,1.75,-,6,7,8.5,6,4,5,4,3,2.5,1.5,6,3.5,2,-,-,0.3,1.5,-,5,6,5.5,-,6.5,6,4075,2.5,2,1.2,1.5,3,2.25,-,-,0.2,1.25,2.5,2.5,-,-,-,-,-,-,-,-,-,-,-,-,-,5.5,6.5,7.5,7,7,6.5,3.5,2.5,1.5,1.2,1.5,2.25,-,-,-,-,-,-,3,-,6,-,-,-,-,-,-,-,-,-,-,-,-,-,-,-,-,-,-,-,-,-,-,-,-,-,-
Brinell hardness,BH,MN m^(-2),-,-,-,600,-,-,-,-,-,-,0.69,260,245,-,-,-,-,-,0.363,167,750,716,628,1120,196,490,700,700,874,412,60,-,1440,736,-,-,0.216,-,589,650,736,1500,-,2160,1100,37.3,24.5,203,8.83,51,294,180,-,-,0.14,-,363,412,481,265,-,441,-,-,677,500,746,814,471,343,893,1700,800,2570,1320,3920,1670,392,2450,-,26.4,38.3,94.2,-,-,-,-,-,-,400,-,6400,-,-,-,-,-,-,-,-,-,-,-,-,-,-,-,-,-,-,-,-,-,-,-,-,-,-
Vickers hardness,Vh,MN m^(-2),-,-,-,1670,49000,-,-,-,-,-,-,-,167,-,-,-,-,-,-,-,-,970,628,1060,-,608,1043,638,369,-,-,-,-,-,-,-,-,-,-,903,1320,1530,-,-,1246,461,251,-,-,-,-,-,-,-,-,-,491,270,400,343,-,412,167,570,863,540,481,589,520,206,1160,1760,873,3430,2450,-,1760,549,216,-,-,-,-,-,-,-,-,-,-,350,-,1960,-,-,-,-,-,-,-,-,-,-,-,-,-,-,-,-,-,-,-,-,-,-,-,-,-,-
Electrical resistivity,ER,10^(‑8) Ω m,-,-,9.5,3.8,>10^(12),1000,-,-,-,-,4.9,4.4,2.7,100000,10,>10^(23),>10^(10),-,7.5,3.4,55,40,20,12.7,144,10,6,7.2,1.72,6,14,50000,33,high,>10^(18),-,13.3,13.5,60,43.3,15.2,5.5,22,7.1,4.3,10.8,1.63,7,8,11.5,40,10000,>10^(15),-,21,34,61.5,74,70,64.3,75,94,90,131,115,92.6,81.4,86,67.6,25,58,34,13.5,5.4,18,8.1,4.7,10.6,2.2,96,15,21,130,40,-,-,-,100,-,15,18,28,120,150,-,-,-,-,-,-,-,-,-,-,-,-,-,-,-,-,-,-,-,-,-,-,-,-
Thermal Conductivity,TC,W m^(-1) K^(-1),0.1805,0.1513,85,190,27,140,0.02583,0.02658,0.0277,0.0491,140,160,235,150,0.236,0.205,0.0089,0.01772,100,200,16,21.9,30.7,94,7.8,80,100,91,400,116,29,60,50,0.52,0.12,0.00943,58,35,17.2,22.7,54,139,51,120,150,72,430,97,82,66.6,24,3,0.449,0.00569,36,18,13,11,13,17,15,13,14,11,11,11,16,15,17,34.9,16,23,57,174,48,88,150,72,320,8.3,46,35,8,20,1.7,0.00361,15,19,12,54,47,27.6,6,6,10,10,10,10,10,10,10,10,10,23,58,19,-,-,-,-,-,-,-,-,-,-,-,0.0023
Coefficient of linear thermal expansion,TEC,10^(-6) K,-,-,46,11.3,6,7.1,-,-,-,-,71,8.2,23.1,2.6,-,-,-,-,-,22.3,10.2,8.6,8.4,4.9,21.7,11.8,13,13.4,16.5,30.2,120,6,-,-,-,-,-,22.5,10.6,5.7,7.3,4.8,-,6.4,8.2,11.8,18.9,30.8,32.1,22,11,-,-,-,-,20.6,12.1,6.3,6.7,9.6,11,12.7,35,9.4,10.3,9.9,11.2,12.2,13.3,26.3,9.9,5.9,6.3,4.5,6.2,5.1,6.4,8.8,14.2,-,29.9,28.9,13.4,-,-,-,-,-,-,11,-,13.9,-,-,-,-,-,-,-,-,-,-,-,-,-,-,-,-,-,-,-,-,-,-,-,-,-,-
Reflectivity,Rf,%,-,-,-,-,-,27,-,-,-,-,-,74,71,28,-,-,-,-,-,-,-,-,61,-,-,65,67,72,90,80,-,-,-,-,-,-,-,-,-,-,-,58,-,-,84,72,97,67,-,54,55,50,-,-,-,-,-,-,-,-,-,-,-,-,-,-,-,-,-,-,-,-,78,62,-,-,78,73,95,73,-,-,-,-,-,-,-,-,-,-,-,-,-,-,-,-,-,-,-,-,-,-,-,-,-,-,-,-,-,-,-,-,-,-,-,-,-,-
Refractive index,Ri,-,1.000132,1.000035,-,-,-,2.417,1.000298,1.000271,1.000195,1.000067,-,-,-,-,1.001212,1.001111,1.000773,1.000281,-,-,-,-,-,-,-,-,-,-,-,1.00205,-,-,1.001552,1.000895,1.001132,1.000427,-,-,-,-,-,-,-,-,-,-,-,-,-,-,-,1.000991,-,1.000702,-,-,-,-,-,-,-,-,-,-,-,-,-,-,-,-,-,-,-,-,-,-,-,-,-,1.000933,-,-,-,-,-,-,-,-,-,-,-,-,-,-,-,-,-,-,-,-,-,-,-,-,-,-,-,-,-,-,-,-,-,-,-,-,-,-
Atomic Radius (empirical),AR_e,ang,0.25,-,1.45,1.05,0.85,0.7,0.65,0.6,0.5,-,1.8,1.5,1.25,1.1,1,1,1,-,2.2,1.8,1.6,1.4,1.35,1.4,1.4,1.4,1.35,1.35,1.35,1.35,1.3,1.25,1.15,1.15,1.15,-,2.35,2,1.8,1.55,1.45,1.45,1.35,1.3,1.35,1.4,1.6,1.55,1.55,1.45,1.45,1.4,1.4,-,2.6,2.15,1.95,1.85,1.85,1.85,1.85,1.85,1.85,1.8,1.75,1.75,1.75,1.75,1.75,1.75,1.75,1.55,1.45,1.35,1.35,1.3,1.35,1.35,1.35,1.5,1.9,1.8,1.6,1.9,-,-,-,2.15,1.95,1.8,1.8,1.75,1.75,1.75,1.75,-,-,-,-,-,-,-,-,-,-,-,-,-,-,-,-,-,-,-,-,-,-,-
Atomic Radius (calculated),AR_c,ang,0.53,0.46,1.67,1.12,0.87,0.67,0.56,0.48,0.42,0.38,1.9,1.45,1.18,1.11,0.98,0.88,0.79,0.71,2.43,-,1.84,1.76,1.71,1.66,1.61,1.56,1.52,1.49,1.45,-,1.36,1.25,1.14,1.03,0.94,0.88,2.65,2.19,2.12,2.06,1.98,1.9,1.83,1.78,1.73,1.69,1.65,1.61,1.56,1.45,1.33,1.23,1.15,1.08,2.98,2.53,-,-,2.47,2.06,2.05,2.38,2.31,2.33,2.25,2.28,2.26,2.26,2.22,2.22,2.17,2.08,2,1.93,1.88,1.85,1.8,1.77,1.74,1.71,1.56,1.54,1.43,1.35,1.27,1.2,-,-,-,-,-,-,-,-,-,-,-,-,-,-,-,-,-,-,-,-,-,-,-,-,-,-,-,-,-,-,-,-
Covalent radius,CR,ang,0.31,0.28,1.28,0.96,0.84,0.76,0.71,0.66,0.57,0.58,1.66,1.41,1.21,1.11,1.07,1.05,1.02,1.06,2.03,1.76,1.7,1.6,1.53,1.39,1.39,1.32,1.26,1.24,1.32,1.22,1.22,1.2,1.19,-,1.2,1.16,2.2,1.95,1.9,1.75,1.64,1.54,1.47,1.46,1.42,1.39,1.45,1.44,1.42,1.39,1.39,1.38,1.39,1.4,2.44,2.15,2.07,2.04,2.03,2.01,1.99,1.98,1.98,1.96,1.94,1.92,1.92,1.89,1.9,1.87,1.87,1.75,1.7,1.62,1.51,1.44,1.41,1.36,1.36,1.32,1.45,1.46,1.48,1.4,1.5,1.5,2.6,2.21,2.15,2.06,2,1.96,1.9,1.87,1.8,1.69,-,-,-,-,-,-,-,-,-,-,-,-,-,-,-,-,-,-,-,-,-,-
van der Waals radius,VR,ang,1.2,1.43,2.12,1.98,1.91,1.77,1.66,1.5,1.46,1.58,2.5,2.51,2.25,2.19,1.9,1.89,1.82,1.83,2.73,2.62,2.58,2.46,2.42,2.45,2.45,2.44,2.4,2.4,2.38,2.39,2.32,2.29,1.88,1.82,1.86,2.25,3.21,2.84,2.75,2.52,2.56,2.45,2.44,2.46,2.44,2.15,2.53,2.49,2.43,2.42,2.47,1.99,2.04,2.06,3.48,3.03,2.98,2.88,2.92,2.95,2.9,2.87,2.83,2.79,2.87,2.81,2.83,2.79,2.8,2.74,2.63,2.53,2.57,2.49,2.48,2.41,2.29,2.32,2.45,2.47,2.6,2.54,2.8,2.93,2.88,2.71,2.82,2.81,2.83,3.05,3.4,3.05,2.7,-,-,-,-,-,-,-,-,-,-,-,-,-,-,-,-,-,-,-,-,-,-,-,-,-
s orbital radius [AU],sR,-,1.00003,0.569176,3.1001,2.05099,1.52499,1.22014,1.01854,0.874962,0.766984,0.683072,3.39059,2.58617,2.098,1.79642,1.58227,1.41911,1.28931,1.18286,4.34528,3.47565,3.24169,3.06434,2.91775,3.07211,2.681,2.58186,2.49249,2.41125,2.59609,2.26777,1.99899,1.81451,1.67234,1.55697,1.46023,1.37699,4.70616,3.86364,3.57338,3.37293,3.43698,3.31191,2.97488,3.11256,3.03146,-,2.89429,2.5841,2.33109,2.15299,2.01336,1.89783,1.79934,1.71349,5.33704,4.44826,4.15934,4.09889,4.24607,4.19079,4.13889,4.08945,4.04325,3.80143,3.95571,3.91516,3.87576,3.83742,3.80079,3.76546,3.52829,3.36158,3.22942,3.11788,3.02264,2.93864,2.86352,3.00555,2.94759,2.67841,2.45141,2.29029,2.16244,2.05595,1.96434,1.8842,5.64197,4.7475,4.44755,4.22307,4.32009,4.26579,4.21583,4.36159,4.31735,4.08374,4.2361,4.19828,4.16248,4.12823,4.09501,4.06333,3.83753,-,-,-,-,-,-,-,-,-,-,-,-,-,-,-
p orbital radius [AU],pR,-,-,-,-,-,1.5859,1.21644,0.988367,0.832845,0.720013,0.634216,-,-,2.68675,2.17544,1.84815,1.61545,1.43911,1.29987,-,-,-,-,-,-,-,-,-,-,-,-,2.64643,2.26459,2.01466,1.8299,1.68481,1.56579,-,-,-,-,-,-,-,-,-,-,-,-,2.993,2.6354,2.39286,2.20968,2.0627,1.93996,-,-,-,-,-,-,-,-,-,-,-,-,-,-,-,-,-,-,-,-,-,-,-,-,-,-,3.13572,2.80073,2.57141,2.39723,2.25704,2.13933,-,-,-,-,-,-,-,-,-,-,-,-,-,-,-,-,-,-,-,-,-,-,-,-,-,-,-,-,-,-,-,-
d orbital radius  [AU],dR,-,-,-,-,-,-,-,-,-,-,-,-,-,-,-,-,-,-,-,-,-,1.11908,0.997057,0.905523,0.858912,0.772301,0.721193,0.677099,0.638528,0.613359,0.574064,0.5391,0.508083,0.480429,0.455678,0.433365,0.413333,-,-,1.77384,1.58731,1.49107,1.37719,1.2627,1.20803,1.14197,1.09607,1.03308,0.977394,0.928083,0.884072,0.844488,0.809044,0.77654,0.747127,-,-,2.17318,2.1265,-,-,-,-,-,1.93027,-,-,-,-,-,-,1.79586,1.65455,1.55029,1.4667,1.39616,1.33483,1.28092,1.24565,1.20041,1.14935,1.10329,1.06193,1.02451,0.990303,0.959079,0.930166,-,-,2.47083,2.29514,2.34358,2.29276,2.24768,-,-,2.13762,-,-,-,-,-,-,1.96493,-,-,-,-,-,-,-,-,-,-,-,-,-,-,-
f orbital radius [AU],fR,-,-,-,-,-,-,-,-,-,-,-,-,-,-,-,-,-,-,-,-,-,-,-,-,-,-,-,-,-,-,-,-,-,-,-,-,-,-,-,-,-,-,-,-,-,-,-,-,-,-,-,-,-,-,-,-,-,-,0.693436,0.681227,0.653661,0.628899,0.606702,0.586456,0.560311,0.55075,0.534756,0.51993,0.505998,0.492877,0.480544,0.465285,0.450863,0.437438,0.424799,0.41291,0.401724,0.391195,0.381272,0.371895,0.36301,0.354567,0.346519,0.338826,0.331451,0.324501,0.317813,-,-,-,-,1.03447,0.994938,0.960003,0.938435,0.908897,0.874087,0.857021,0.833914,0.812597,0.792655,0.773922,0.756095,0.73526,-,-,-,-,-,-,-,-,-,-,-,-,-,-,-
1st ionization energy,IE,kJ/mol*1e-2,13.1205,23.7232,5.2022,8.895,8.0064,10.8645,14.0233,13.1394,16.8105,20.8066,4.9585,-,5.7754,7.8652,10.1181,9.9959,12.5119,15.2057,4.1881,5.8983,6.3309,6.5881,6.5091,6.5287,7.1728,7.6247,7.604,7.3714,7.4548,9.064,5.7884,7.6218,9.4445,9.4096,11.39,13.5076,4.0303,5.4947,5.9987,6.401,6.5213,6.8432,6.8692,7.1018,7.1967,8.0438,7.31,8.6777,5.583,7.0858,8.3058,8.693,10.0839,11.7035,3.757,5.0285,5.3809,5.3439,5.2779,5.3308,5.381,5.4454,5.4711,5.9337,5.6577,5.7303,5.8099,5.893,5.967,6.0343,5.2352,6.5852,7.2842,7.5876,7.5582,8.1417,8.6519,8.644,8.9013,10.0707,5.8936,7.156,7.0295,8.118,8.99,10.3707,3.9296,5.0929,5.1911,6.085,5.68,5.9763,6.0453,5.814,5.7638,5.7808,5.98,6.0609,6.1438,6.27,6.35,6.43,4.79,5.81,6.56,7.53,7.43,7.33,8.01,9.55,10.23,11.55,7.05,-,5.38,7.24,7.43,8.39
2nd ionization endergy,IE2,kJ/mol*1e-2,-,52.5051,72.9816,17.5711,24.2707,23.5262,28.5609,33.8867,33.7417,39.5232,45.6244,14.5068,18.1668,15.7713,19.0747,22.5176,22.9767,26.6586,30.5135,11.4545,12.3499,13.0984,14.12,15.9069,15.0903,15.6298,16.4839,17.5303,19.5792,17.333,19.7941,15.3746,17.9358,20.451,20.832,23.5037,26.3304,10.6426,11.794,12.67,13.82,15.59,14.72,16.17,17.44,18.75,20.72,16.314,18.2072,14.1188,16.042,17.95,18.4589,20.238,22.3435,9.6522,10.7918,10.5709,10.257,10.404,10.554,10.689,10.845,11.652,11.108,11.238,11.367,11.497,11.641,11.7511,13.63,14.1,15.6,15.8,16,16.4,16.4,17.91,19.493,18.0976,19.7103,14.5042,16.116,18.6,17.25,20.6,21.6,9.7905,11.34,11.67,11.5,11.2,11.1,11.1,11.3,12,11.5,11.6,11.8,12,12,12.5,14,13.8,13.5,16.5,16.9,17.6,-,-,-,-,-,-,-,-,-,-
Melting temp,Tm,K,14.01,0.95,453.69,1560,2349,3800,63.05,54.8,53.53,24.56,370.87,923,933.47,1687,317.3,388.36,171.6,83.8,336.53,1115,1814,1941,2183,2180,1519,1811,1768,1728,1357,692.68,302.91,1211.4,1090,494,265.8,115.79,312.46,1050,1799,2128,2750,2896,2430,2607,2237,1828.05,1234.93,594.22,429.75,505.08,903.78,722.66,386.85,161.4,301.59,1000,1193,1068,1208,1297,1373,1345,1099,1585,1629,1680,1734,1802,1818,1097,1925,2506,3290,3695,3459,3306,2739,2041.4,1337.33,234.32,577,600.61,544.4,527,575,202,300,973,1323,2115,1841,1405.3,910,912.5,1449,1613,1259,1173,1133,1800,1100,110,1900,-,-,-,-,-,-,-,-,-,-,-,-,-,-,-
Boiling temp,Tb,K,20.28,4.22,1615,2742,4200,4300,77.36,90.2,85.03,27.07,1156,1363,2792,3173,550,717.87,239.11,87.3,1032,1757,3103,3560,3680,2944,2334,3134,3200,3186,3200,1180,2477,3093,887,958,332,119.93,961,1655,3609,4682,5017,4912,4538,4423,3968,3236,2435,1040,2345,2875,1860,1261,457.4,165.1,944,2143,3743,3633,3563,3373,3273,2076,1800,3523,3503,2840,2993,3141,2223,1469,3675,4876,5731,5828,5869,5285,4701,4098,3129,629.88,1746,2022,1837,1235,503,211.3,871,2010,3573,5093,4300,4200,4300,3503,2880,3383,-,-,-,-,-,-,-,-,-,-,-,-,-,-,-,-,-,-,-,-,-,-
Liquid temp,Tl,K,6.27,3.27,1161.31,1182,1851,500,14.31,35.4,31.5,2.51,785.13,440,1858.53,1486,232.7,329.51,67.51,3.5,695.47,642,1289,1619,1497,764,815,1323,1432,1458,1843,487.32,2174.09,1881.6,-,464,66.2,4.14,648.54,605,1810,2554,2267,2016,2108,1816,1731,1407.95,1200.07,445.78,1915.25,2369.92,956.22,538.34,70.55,3.7,642.41,1143,2550,2565,2355,2076,1900,731,701,1938,1874,1160,1259,1339,405,372,1750,2370,2441,2133,2410,1979,1962,2056.6,1791.67,395.56,1169,1421.39,1292.6,708,-,9.3,571,1037,2250,2978,2459,2794.7,3390,2590.5,1431,1770,-,-,-,-,-,-,-,-,-,-,-,-,-,-,-,-,-,-,-,-,-,-
Enthalpy of fusion,Ef,kJ/mol,0.558,0.02,20.5,7.95,50,117,0.36,0.222,0.26,0.34,2.6,8.7,10.7,50.2,0.64,1.73,3.2,1.18,2.33,8.54,16,18.7,22.8,20.5,13.2,13.8,16.2,17.2,13.1,7.35,5.59,31.8,27.7,5.4,5.8,1.64,2.19,8,11.4,21,26.8,36,23,25.7,21.7,16.7,11.3,6.3,20.5,7,19.7,17.5,7.76,2.3,2.09,8,6.2,5.5,6.9,7.1,7.7,8.6,9.2,10,10.8,11.1,17,19.9,16.8,7.7,22,25.5,36,35,33,31,26,20,12.5,2.29,4.2,4.77,10.9,13,6,3,2,8,14,16,15,14,10,2.8,-,-,-,-,-,-,-,-,-,-,-,-,-,-,-,-,-,-,-,-,-,-,-,-
Enthalpy of vaporisation,Ev,kJ/mol,0.452,0.083,147,297,507,715,2.79,3.41,3.27,1.75,97.7,128,293,359,12.4,9.8,10.2,6.5,76.9,155,318,425,453,339,220,347,375,378,300,119,256,334,32.4,26,14.8,9.02,72,137,380,580,690,600,550,580,495,380,255,100,230,290,68,48,20.9,12.64,65,140,400,350,330,285,290,175,175,305,295,280,265,285,250,160,415,630,735,800,705,630,560,490,330,59.2,165,178,160,100,40,17,65,125,100,530,470,120,335,325,-,-,-,-,-,-,-,-,-,-,-,-,-,-,-,-,-,-,-,-,-,-,-,-
Enthalpy of atomisation,Ea,kJ/mol,218,0,159,324,563,717,473,249,79,0,107,146,326,456,315,279,122,0,89,178,378,471,515,397,281,415,426,431,338,131,277,377,302,227,112,0,81,164,425,605,733,659,661,652,556,377,285,112,243,302,262,197,107,0,76,182,431,423,356,328,350,207,175,398,389,290,301,317,232,152,428,621,782,860,776,789,671,565,368,64,182,195,207,142,-,0,64,159,406,598,607,536,-,-,-,-,-,-,-,-,-,-,-,-,-,-,-,-,-,-,-,-,-,-,-,-,-,-
Paulings electronegativity,PE,Pauling Units,2.2,-,0.98,1.57,2.04,2.55,3.04,3.44,3.98,-,0.93,1.31,1.61,1.9,2.19,2.58,3.16,-,0.82,1,1.36,1.54,1.63,1.66,1.55,1.83,1.88,1.91,1.9,1.65,1.81,2.01,2.18,-,2.96,3,0.82,0.95,1.22,1.33,1.6,2.16,1.9,2.2,2.28,2.2,1.93,1.69,1.78,1.96,2.05,2.1,2.66,2.6,0.79,0.89,1.1,1.12,1.13,1.14,-,1.17,-,1.2,-,1.22,1.23,1.24,1.25,-,1.27,1.3,1.5,2.36,1.9,2.2,2.2,2.28,2.54,2,1.62,2.33,2.02,2,2.2,-,0.7,0.9,1.1,1.3,1.5,1.38,1.36,1.28,1.3,1.3,1.3,1.3,1.3,1.3,1.3,1.3,-,-,-,-,-,-,-,-,-,-,-,-,-,-,-,-
Sanderson electronegativity',SE,Pauling Units,2.59,-,0.89,1.81,2.28,2.75,3.19,3.65,4,4.5,0.56,1.32,1.71,2.14,2.52,2.96,3.48,3.31,0.45,0.95,1.02,1.09,1.39,1.66,2.2,2.2,2.56,1.94,1.98,2.23,2.42,2.62,2.82,3.01,3.22,2.91,0.31,0.72,0.65,0.9,1.42,1.15,-,-,-,-,1.83,1.98,2014,1.49,2.46,2.62,2.78,2.34,0.22,0.68,-,-,-,-,-,-,-,-,-,-,-,-,-,-,-,-,-,0.98,-,-,-,-,-,2.2,2.25,2.29,2.34,-,-,-,-,-,-,-,-,-,-,-,-,-,-,-,-,-,-,-,-,-,-,-,-,-,-,-,-,-,-,-,-,-,-,-
Allred Rochow electronegativity,ARE,Pauling Units,2.2,5.5,0.97,1.47,2.01,2.5,3.07,3.5,4.1,4.84,1.01,1.23,1.47,1.74,2.06,2.44,2.83,3.2,0.91,1.04,1.2,1.32,1.45,1.56,1.6,1.64,1.7,1.75,1.75,1.66,1.82,2.02,2.2,2.48,2.74,2.94,0.89,0.99,1.11,1.22,1.23,1.3,1.36,1.42,1.45,1.35,1.42,1.46,1.49,1.72,1.82,2.01,2.21,2.4,0.86,0.97,1.08,1.08,1.07,1.07,1.07,1.07,1.01,1.11,1.1,1.1,1.1,1.11,1.11,1.06,1.14,1.23,1.33,1.4,1.46,1.52,1.55,1.44,1.42,1.44,1.44,1.55,1.67,1.76,1.9,-,0.86,0.97,1,1.11,1.14,1.22,1.22,1.22,1.2,1.2,1.2,1.2,1.2,1.2,1.2,1.2,-,-,-,-,-,-,-,-,-,-,-,-,-,-,-,-
Mulliken-Jaffe electronegativity,ME,Pauling Units,2.25,3.49,0.97,1.54,2.04,2.48,2.9,3.41,3.91,3.98,0.91,1.37,1.83,2.28,2.3,2.69,3.1,3.19,0.73,1.08,-,-,-,-,-,-,-,-,1.49,1.65,2.01,2.33,2.26,2.6,2.95,3,0.69,1,-,-,-,-,-,-,-,-,1.47,1.53,1.76,2.21,2.12,2.41,2.74,2.73,0.62,0.88,-,-,-,-,-,-,-,-,-,-,-,-,-,-,-,-,-,-,-,-,-,-,1.87,1.81,1.96,2.41,2.15,2.48,2.85,2.59,0.68,0.92,-,-,-,-,-,-,-,-,-,-,-,-,-,-,-,-,-,-,-,-,-,-,-,-,-,-,-,-,-,-
Allen electronegativity,AE,Pauling Units,2.3,-,0.912,1.576,2.051,2.544,3.066,3.61,4.193,4.787,0.869,1.293,1.613,1.916,2.253,2.589,2.869,3.242,0.734,1.04,-,-,-,-,-,-,-,-,-,-,1.756,1.994,2.211,2.424,2.685,2.966,0.706,0.963,-,-,-,-,-,-,-,-,-,-,1.656,1.824,1.984,2.158,2.359,2.582,-,-,-,-,-,-,-,-,-,-,-,-,-,-,-,-,-,-,-,-,-,-,-,-,-,-,-,-,-,-,-,-,-,-,-,-,-,-,-,-,-,-,-,-,-,-,-,-,-,-,-,-,-,-,-,-,-,-,-,-,-,-,-,-
,,,,,,,,,,,,,,,,,,,,,,,,,,,,,,,,,,,,,,,,,,,,,,,,,,,,,,,,,,,,,,,,,,,,,,,,,,,,,,,,,,,,,,,,,,,,,,,,,,,,,,,, ,,,,,,,,,,,,,,,,
